/*-------TABLA CARRRERA --------------------*/
INSERT INTO CARRERA (ID_CARRERA,NOMBRE) VALUES(1,'Ingenieria Sistemas');
INSERT INTO CARRERA (ID_CARRERA,NOMBRE) VALUES(2,'Ingenieria Electronica');
/*--------TABLA MATERIA------------------------------*/
/********INGENIERIA SISTEMAS***********/
INSERT INTO MATERIA (ID_MATERIA,NOMBRE) VALUES(1,'INTRODUCCION A LA PROGRAMACION');
INSERT INTO MATERIA (ID_MATERIA,NOMBRE) VALUES(2,'CALCULO I');
INSERT INTO MATERIA (ID_MATERIA,NOMBRE) VALUES(3,'INGLES I');
INSERT INTO MATERIA (ID_MATERIA,NOMBRE) VALUES(4,'FISICA GENERAL');
INSERT INTO MATERIA (ID_MATERIA,NOMBRE) VALUES(5,'ALGEBRA I');
INSERT INTO MATERIA (ID_MATERIA,NOMBRE) VALUES(6,'METODOLOGIA INVESTIGACION Y COMUNICACION');
INSERT INTO MATERIA (ID_MATERIA,NOMBRE) VALUES(7,'ALGEBRA II');
INSERT INTO MATERIA (ID_MATERIA,NOMBRE) VALUES(8,'CALCULO II');
INSERT INTO MATERIA (ID_MATERIA,NOMBRE) VALUES(9,'MATEMATICA DISCRETA');
INSERT INTO MATERIA (ID_MATERIA,NOMBRE) VALUES(10,'ELEM. DE PROGRAMACION Y ESTRUC. DE DATOS');
INSERT INTO MATERIA (ID_MATERIA,NOMBRE) VALUES(11,'ARQUITECTURA DE COMPUTADORAS I');
INSERT INTO MATERIA (ID_MATERIA,NOMBRE) VALUES(12,'ECUACIONES DIFERENCIALES');
INSERT INTO MATERIA (ID_MATERIA,NOMBRE) VALUES(13,'ESTADISTICA I');
INSERT INTO MATERIA (ID_MATERIA,NOMBRE) VALUES(14,'CALCULO NUMERICO');
INSERT INTO MATERIA (ID_MATERIA,NOMBRE) VALUES(15,'METODOS TECNICAS Y TALLER DE PROGRAMACION');
INSERT INTO MATERIA (ID_MATERIA,NOMBRE) VALUES(16,'BASE DE DATOS I');
INSERT INTO MATERIA (ID_MATERIA,NOMBRE) VALUES(17,'CIRCUITOS ELECTRONICOS');
INSERT INTO MATERIA (ID_MATERIA,NOMBRE) VALUES(18,'ESTADISTICA II');
INSERT INTO MATERIA (ID_MATERIA,NOMBRE) VALUES(19,'BASE DE DATOS II');
INSERT INTO MATERIA (ID_MATERIA,NOMBRE) VALUES(20,'TALLER DE SISTEMAS OPERATIVOS');
INSERT INTO MATERIA (ID_MATERIA,NOMBRE) VALUES(21,'SISTEMAS DE INFORMACION I');
INSERT INTO MATERIA (ID_MATERIA,NOMBRE) VALUES(22,'CONTABILIDAD BASICA');
INSERT INTO MATERIA (ID_MATERIA,NOMBRE) VALUES(23,'INVESTIGACION OPERATIVA I');
INSERT INTO MATERIA (ID_MATERIA,NOMBRE) VALUES(24,'INGLES II');
INSERT INTO MATERIA (ID_MATERIA,NOMBRE) VALUES(25,'SISTEMAS DE INFORMACION II');
INSERT INTO MATERIA (ID_MATERIA,NOMBRE) VALUES(26,'APLICACION DE SISTERMAS OPERATIVOS');
INSERT INTO MATERIA (ID_MATERIA,NOMBRE) VALUES(27,'TALLER DE BASE DE DATOS');
INSERT INTO MATERIA (ID_MATERIA,NOMBRE) VALUES(28,'SISTEMAS I');
INSERT INTO MATERIA (ID_MATERIA,NOMBRE) VALUES(29,'INVESTIGACION OPERTIVA II');
INSERT INTO MATERIA (ID_MATERIA,NOMBRE) VALUES(30,'MERCADOTECNIA');
INSERT INTO MATERIA (ID_MATERIA,NOMBRE) VALUES(31,'SIMULACION DE SISTEMAS');
INSERT INTO MATERIA (ID_MATERIA,NOMBRE) VALUES(32,'INGENIERIA DE SOFTWARE');
INSERT INTO MATERIA (ID_MATERIA,NOMBRE) VALUES(33,'INTELIGENCIA ARTIFICIAL');
INSERT INTO MATERIA (ID_MATERIA,NOMBRE) VALUES(34,'REDES DE COMPUTADORAS');
INSERT INTO MATERIA (ID_MATERIA,NOMBRE) VALUES(35,'SISTEMAS II');
/********INGENIERIA ELECTRONICA***********/
INSERT INTO MATERIA (ID_MATERIA,NOMBRE) VALUES(36,'FISICA BASICA I');
INSERT INTO MATERIA (ID_MATERIA,NOMBRE) VALUES(37,'PROBABILIDA Y ESTADISTICA');
INSERT INTO MATERIA (ID_MATERIA,NOMBRE) VALUES(38,'FISICA BASICA III');
INSERT INTO MATERIA (ID_MATERIA,NOMBRE) VALUES(39,'CIRCUITOS ELECTRONICOS I');
INSERT INTO MATERIA (ID_MATERIA,NOMBRE) VALUES(40,'FISICA BASICA II');
INSERT INTO MATERIA (ID_MATERIA,NOMBRE) VALUES(41,'VARIABLE COMPLEJA');
INSERT INTO MATERIA (ID_MATERIA,NOMBRE) VALUES(42,'ELECTROMAGNETISMO');
INSERT INTO MATERIA (ID_MATERIA,NOMBRE) VALUES(43,'CIRCUITOS ELECTRICOS II');
INSERT INTO MATERIA (ID_MATERIA,NOMBRE) VALUES(44,'TRANSFORMADAS INTEGRALES');
INSERT INTO MATERIA (ID_MATERIA,NOMBRE) VALUES(45,'CIRCUITOS ELECTRICOS III');
INSERT INTO MATERIA (ID_MATERIA,NOMBRE) VALUES(46,'	ELECTRONICA ANALOGICA I');
INSERT INTO MATERIA (ID_MATERIA,NOMBRE) VALUES(47,'RESISTENCIA DE MATERIALES');
INSERT INTO MATERIA (ID_MATERIA,NOMBRE) VALUES(48,'ELECTRONICA ANALOGICA II');
INSERT INTO MATERIA (ID_MATERIA,NOMBRE) VALUES(49,'ELECTRONICA DIGITAL I');
INSERT INTO MATERIA (ID_MATERIA,NOMBRE) VALUES(50,'	ANALISIS DE SEÑALES');
INSERT INTO MATERIA (ID_MATERIA,NOMBRE) VALUES(51,'	MEDIDAS ELECTRONICAS');
INSERT INTO MATERIA (ID_MATERIA,NOMBRE) VALUES(52,'ELECTROTECNIA INDUSTRIAL');
INSERT INTO MATERIA (ID_MATERIA,NOMBRE) VALUES(53,'FISICA MODERNA');
INSERT INTO MATERIA (ID_MATERIA,NOMBRE) VALUES(54,'	TALLER DE PROGRAMACION EN BAJO NIVEL');
INSERT INTO MATERIA (ID_MATERIA,NOMBRE) VALUES(55,'SISTEMAS DE CONTROL DINAMICO');
INSERT INTO MATERIA (ID_MATERIA,NOMBRE) VALUES(56,'TELECOMUNICACIONES I');
INSERT INTO MATERIA (ID_MATERIA,NOMBRE) VALUES(57,'LINEAS DE TRANSMISION Y PROPAGACION');
INSERT INTO MATERIA (ID_MATERIA,NOMBRE) VALUES(58,'INSTALACIONES ELECTRICAS I');
INSERT INTO MATERIA (ID_MATERIA,NOMBRE) VALUES(59,'ELECTRONICA DE POTENCIA');
INSERT INTO MATERIA (ID_MATERIA,NOMBRE) VALUES(60,'ELECTRONICA DIGITAL II');
INSERT INTO MATERIA (ID_MATERIA,NOMBRE) VALUES(61,'TELECOMUNICACIONES II');
INSERT INTO MATERIA (ID_MATERIA,NOMBRE) VALUES(62,'MICROPROCESADORES I');
INSERT INTO MATERIA (ID_MATERIA,NOMBRE) VALUES(63,'ROBOTICA');
INSERT INTO MATERIA (ID_MATERIA,NOMBRE) VALUES(64,'DISEÑO DE ELECTRONICA ANALOGICA');
INSERT INTO MATERIA (ID_MATERIA,NOMBRE) VALUES(65,'APLICACION DE SISTERMAS OPERATIVOS');
INSERT INTO MATERIA (ID_MATERIA,NOMBRE) VALUES(66,'TELECOMUNICACIONES III');
INSERT INTO MATERIA (ID_MATERIA,NOMBRE) VALUES(67,'MULTIMEDIA');
INSERT INTO MATERIA (ID_MATERIA,NOMBRE) VALUES(68,'	DISEÑO DE SISTEMAS DIGITALES I');
INSERT INTO MATERIA (ID_MATERIA,NOMBRE) VALUES(69,'PROYECTO TERMINAL I');
INSERT INTO MATERIA (ID_MATERIA,NOMBRE) VALUES(70,'MICROPROCESADORES II');
INSERT INTO MATERIA (ID_MATERIA,NOMBRE) VALUES(71,'DISEÑO DE SISTEMAS DIGITALES II');
INSERT INTO MATERIA (ID_MATERIA,NOMBRE) VALUES(72,'TALLER DE CONTROL Y AUTOMATISMO');
INSERT INTO MATERIA (ID_MATERIA,NOMBRE) VALUES(73,'PROYECTO TERMINAL II');
INSERT INTO MATERIA (ID_MATERIA,NOMBRE) VALUES(74,'COMUNICACION DE DATOS');
/*------------TABLA PUEDE_TENER---------------*/
INSERT INTO PUEDE_TENER (ID_MATERIA , ID_CARRERA) VALUES (1,1) ;
INSERT INTO PUEDE_TENER (ID_MATERIA , ID_CARRERA) VALUES (2,1) ;
INSERT INTO PUEDE_TENER (ID_MATERIA , ID_CARRERA) VALUES (3,1) ;
INSERT INTO PUEDE_TENER (ID_MATERIA , ID_CARRERA) VALUES (4,1) ;
INSERT INTO PUEDE_TENER (ID_MATERIA , ID_CARRERA) VALUES (5,1) ;
INSERT INTO PUEDE_TENER (ID_MATERIA , ID_CARRERA) VALUES (6,1) ;
INSERT INTO PUEDE_TENER (ID_MATERIA , ID_CARRERA) VALUES (7,1) ;
INSERT INTO PUEDE_TENER (ID_MATERIA , ID_CARRERA) VALUES (8,1) ;
INSERT INTO PUEDE_TENER (ID_MATERIA , ID_CARRERA) VALUES (9,1) ;
INSERT INTO PUEDE_TENER (ID_MATERIA , ID_CARRERA) VALUES (10,1) ;
INSERT INTO PUEDE_TENER (ID_MATERIA , ID_CARRERA) VALUES (11,1) ;
INSERT INTO PUEDE_TENER (ID_MATERIA , ID_CARRERA) VALUES (12,1) ;
INSERT INTO PUEDE_TENER (ID_MATERIA , ID_CARRERA) VALUES (13,1) ;
INSERT INTO PUEDE_TENER (ID_MATERIA , ID_CARRERA) VALUES (14,1) ;
INSERT INTO PUEDE_TENER (ID_MATERIA , ID_CARRERA) VALUES (15,1) ;
INSERT INTO PUEDE_TENER (ID_MATERIA , ID_CARRERA) VALUES (16,1) ;
INSERT INTO PUEDE_TENER (ID_MATERIA , ID_CARRERA) VALUES (17,1) ;
INSERT INTO PUEDE_TENER (ID_MATERIA , ID_CARRERA) VALUES (18,1) ;
INSERT INTO PUEDE_TENER (ID_MATERIA , ID_CARRERA) VALUES (19,1) ;
INSERT INTO PUEDE_TENER (ID_MATERIA , ID_CARRERA) VALUES (20,1) ;
INSERT INTO PUEDE_TENER (ID_MATERIA , ID_CARRERA) VALUES (21,1) ;
INSERT INTO PUEDE_TENER (ID_MATERIA , ID_CARRERA) VALUES (22,1) ;
INSERT INTO PUEDE_TENER (ID_MATERIA , ID_CARRERA) VALUES (23,1) ;
INSERT INTO PUEDE_TENER (ID_MATERIA , ID_CARRERA) VALUES (24,1) ;
INSERT INTO PUEDE_TENER (ID_MATERIA , ID_CARRERA) VALUES (25,1) ;
INSERT INTO PUEDE_TENER (ID_MATERIA , ID_CARRERA) VALUES (26,1) ;
INSERT INTO PUEDE_TENER (ID_MATERIA , ID_CARRERA) VALUES (27,1) ;
INSERT INTO PUEDE_TENER (ID_MATERIA , ID_CARRERA) VALUES (28,1) ;
INSERT INTO PUEDE_TENER (ID_MATERIA , ID_CARRERA) VALUES (29,1) ;
INSERT INTO PUEDE_TENER (ID_MATERIA , ID_CARRERA) VALUES (30,1) ;
INSERT INTO PUEDE_TENER (ID_MATERIA , ID_CARRERA) VALUES (31,1) ;
INSERT INTO PUEDE_TENER (ID_MATERIA , ID_CARRERA) VALUES (32,1) ;
INSERT INTO PUEDE_TENER (ID_MATERIA , ID_CARRERA) VALUES (33,1) ;
INSERT INTO PUEDE_TENER (ID_MATERIA , ID_CARRERA) VALUES (34,1) ;
INSERT INTO PUEDE_TENER (ID_MATERIA , ID_CARRERA) VALUES (35,1) ;
INSERT INTO PUEDE_TENER (ID_MATERIA , ID_CARRERA) VALUES (36,2) ;
INSERT INTO PUEDE_TENER (ID_MATERIA , ID_CARRERA) VALUES (37,2) ;
INSERT INTO PUEDE_TENER (ID_MATERIA , ID_CARRERA) VALUES (38,2) ;
INSERT INTO PUEDE_TENER (ID_MATERIA , ID_CARRERA) VALUES (39,2) ;
INSERT INTO PUEDE_TENER (ID_MATERIA , ID_CARRERA) VALUES (40,2) ;
INSERT INTO PUEDE_TENER (ID_MATERIA , ID_CARRERA) VALUES (41,2) ;
INSERT INTO PUEDE_TENER (ID_MATERIA , ID_CARRERA) VALUES (42,2) ;
INSERT INTO PUEDE_TENER (ID_MATERIA , ID_CARRERA) VALUES (43,2) ;
INSERT INTO PUEDE_TENER (ID_MATERIA , ID_CARRERA) VALUES (44,2) ;
INSERT INTO PUEDE_TENER (ID_MATERIA , ID_CARRERA) VALUES (45,2) ;
INSERT INTO PUEDE_TENER (ID_MATERIA , ID_CARRERA) VALUES (46,2) ;
INSERT INTO PUEDE_TENER (ID_MATERIA , ID_CARRERA) VALUES (47,2) ;
INSERT INTO PUEDE_TENER (ID_MATERIA , ID_CARRERA) VALUES (48,2) ;
INSERT INTO PUEDE_TENER (ID_MATERIA , ID_CARRERA) VALUES (49,2) ;
INSERT INTO PUEDE_TENER (ID_MATERIA , ID_CARRERA) VALUES (50,2) ;
INSERT INTO PUEDE_TENER (ID_MATERIA , ID_CARRERA) VALUES (51,2) ;
INSERT INTO PUEDE_TENER (ID_MATERIA , ID_CARRERA) VALUES (52,2) ;
INSERT INTO PUEDE_TENER (ID_MATERIA , ID_CARRERA) VALUES (53,2) ;
INSERT INTO PUEDE_TENER (ID_MATERIA , ID_CARRERA) VALUES (54,2) ;
INSERT INTO PUEDE_TENER (ID_MATERIA , ID_CARRERA) VALUES (55,2) ;
INSERT INTO PUEDE_TENER (ID_MATERIA , ID_CARRERA) VALUES (56,1) ;
INSERT INTO PUEDE_TENER (ID_MATERIA , ID_CARRERA) VALUES (57,2) ;
INSERT INTO PUEDE_TENER (ID_MATERIA , ID_CARRERA) VALUES (58,2) ;
INSERT INTO PUEDE_TENER (ID_MATERIA , ID_CARRERA) VALUES (59,2) ;
INSERT INTO PUEDE_TENER (ID_MATERIA , ID_CARRERA) VALUES (60,2) ;
INSERT INTO PUEDE_TENER (ID_MATERIA , ID_CARRERA) VALUES (61,2) ;
INSERT INTO PUEDE_TENER (ID_MATERIA , ID_CARRERA) VALUES (62,2) ;
INSERT INTO PUEDE_TENER (ID_MATERIA , ID_CARRERA) VALUES (63,2) ;
INSERT INTO PUEDE_TENER (ID_MATERIA , ID_CARRERA) VALUES (64,2) ;
INSERT INTO PUEDE_TENER (ID_MATERIA , ID_CARRERA) VALUES (65,2) ;
INSERT INTO PUEDE_TENER (ID_MATERIA , ID_CARRERA) VALUES (66,2) ;
INSERT INTO PUEDE_TENER (ID_MATERIA , ID_CARRERA) VALUES (67,2) ;
INSERT INTO PUEDE_TENER (ID_MATERIA , ID_CARRERA) VALUES (68,2) ;
INSERT INTO PUEDE_TENER (ID_MATERIA , ID_CARRERA) VALUES (69,2) ;
INSERT INTO PUEDE_TENER (ID_MATERIA , ID_CARRERA) VALUES (70,2) ;
INSERT INTO PUEDE_TENER (ID_MATERIA , ID_CARRERA) VALUES (71,2) ;
INSERT INTO PUEDE_TENER (ID_MATERIA , ID_CARRERA) VALUES (72,2) ;
INSERT INTO PUEDE_TENER (ID_MATERIA , ID_CARRERA) VALUES (73,2) ;
INSERT INTO PUEDE_TENER (ID_MATERIA , ID_CARRERA) VALUES (74,2) ;
INSERT INTO PUEDE_TENER (ID_MATERIA , ID_CARRERA) VALUES (2,2) ;
INSERT INTO PUEDE_TENER (ID_MATERIA , ID_CARRERA) VALUES (5,2) ;
INSERT INTO PUEDE_TENER (ID_MATERIA , ID_CARRERA) VALUES (7,2) ;
INSERT INTO PUEDE_TENER (ID_MATERIA , ID_CARRERA) VALUES (8,2) ;
INSERT INTO PUEDE_TENER (ID_MATERIA , ID_CARRERA) VALUES (1,2) ;
INSERT INTO PUEDE_TENER (ID_MATERIA , ID_CARRERA) VALUES (10,2);
INSERT INTO PUEDE_TENER (ID_MATERIA , ID_CARRERA) VALUES (12,2); 
INSERT INTO PUEDE_TENER (ID_MATERIA , ID_CARRERA) VALUES (23,2);
INSERT INTO PUEDE_TENER (ID_MATERIA , ID_CARRERA) VALUES (34,2);
/*---------------------TABLA ROL---------------------------*/
INSERT INTO ROL (ID_ROL, NOMBRE)VALUES(1,'administrador');
INSERT INTO ROL (ID_ROL, NOMBRE)VALUES(2,'docente');
/*---------------------TABLA HORARIO ------------------------*/
INSERT INTO HORARIO (ID_HORARIO,HORA) VALUES(1,'6:45');
INSERT INTO HORARIO (ID_HORARIO,HORA) VALUES(2,'8:15');
INSERT INTO HORARIO (ID_HORARIO,HORA) VALUES(3,'9:45');
INSERT INTO HORARIO (ID_HORARIO,HORA) VALUES(4,'11:15');
INSERT INTO HORARIO (ID_HORARIO,HORA) VALUES(5,'12:45');
INSERT INTO HORARIO (ID_HORARIO,HORA) VALUES(6,'14:15');
INSERT INTO HORARIO (ID_HORARIO,HORA) VALUES(7,'15:45');
INSERT INTO HORARIO (ID_HORARIO,HORA) VALUES(8,'17:15');
INSERT INTO HORARIO (ID_HORARIO,HORA) VALUES(9,'18:45');
INSERT INTO HORARIO (ID_HORARIO,HORA) VALUES(10,'20:15');
INSERT INTO HORARIO (ID_HORARIO,HORA) VALUES(11,'21:45');
/*--------------------TABLA GESTION------------------------*/
INSERT INTO GESTION (ID_GESTION , NOMBRE,FECHA_INICIO,FECHA_FIN) VALUES(1,'I-2024','2024-02-19','2024-7-6');
INSERT INTO GESTION (ID_GESTION , NOMBRE,FECHA_INICIO,FECHA_FIN) VALUES(2,'INVIERNO-2024','2024-07-15','2024-8-2');
INSERT INTO GESTION (ID_GESTION , NOMBRE,FECHA_INICIO,FECHA_FIN) VALUES(3,'II-2024','2024-08-12','2024-12-30');
INSERT INTO GESTION (ID_GESTION , NOMBRE,FECHA_INICIO,FECHA_FIN) VALUES(4,'VERANO-2024','2025-01-15','2025-2-10');
/*---------------------TABLA UBICACION----------------------*/
INSERT INTO UBICACION (ID_UBICACION,LUGAR,PISO) VALUES (1,'EDIFICIO NUEVO','PLANTA BAJA');
INSERT INTO UBICACION (ID_UBICACION,LUGAR,PISO) VALUES (2,'EDIFICIO NUEVO','PISO 1');
INSERT INTO UBICACION (ID_UBICACION,LUGAR,PISO) VALUES (3,'EDIFICIO NUEVO','PISO 2');
INSERT INTO UBICACION (ID_UBICACION,LUGAR,PISO) VALUES (4,'EDIFICIO NUEVO','PISO 3');
INSERT INTO UBICACION (ID_UBICACION,LUGAR,PISO) VALUES (5,'LABORATORIO','PLANTA BAJA');
INSERT INTO UBICACION (ID_UBICACION,LUGAR,PISO) VALUES (6,'EDIFICIO MEMI','PLANTA BAJA');
INSERT INTO UBICACION (ID_UBICACION,LUGAR,PISO) VALUES (7,'EDIFICIO MEMI','PISO 1');
INSERT INTO UBICACION (ID_UBICACION,LUGAR,PISO) VALUES (8,'EDIFICIO MEMI','PISO 2');


ALTER TABLE USUARIO MODIFY COLUMN ID_USUARIO integer AUTO_INCREMENT;
ALTER TABLE AMBIENTE MODIFY COLUMN ID_AMBIENTE integer AUTO_INCREMENT;
ALTER TABLE BITACORA_AMBIENTE MODIFY COLUMN ID_BI_AMBIENTE integer AUTO_INCREMENT;
ALTER TABLE BITACORA_RESERVA MODIFY COLUMN ID_BI_RESERVA integer AUTO_INCREMENT;
ALTER TABLE BITACORA_USUARIO MODIFY COLUMN ID_BI_USUARIO integer AUTO_INCREMENT;
ALTER TABLE CALENDARIO MODIFY COLUMN ID_EVENTO integer AUTO_INCREMENT;
ALTER TABLE CARRERA MODIFY COLUMN ID_CARRERA integer AUTO_INCREMENT;
ALTER TABLE UBICACION MODIFY COLUMN ID_UBICACION integer AUTO_INCREMENT;
ALTER TABLE GESTION MODIFY COLUMN ID_GESTION integer AUTO_INCREMENT;
ALTER TABLE HORARIO MODIFY COLUMN ID_HORARIO integer AUTO_INCREMENT;
ALTER TABLE MATERIA MODIFY COLUMN ID_MATERIA integer AUTO_INCREMENT;
ALTER TABLE ROL MODIFY COLUMN ID_ROL integer AUTO_INCREMENT;
ALTER TABLE RESERVA MODIFY COLUMN ID_RESERVA integer AUTO_INCREMENT;
ALTER TABLE USUARIO MODIFY COLUMN ID_USUARIO integer AUTO_INCREMENT;


